"text","label","notes"
"No finishing made it a chore!","analysis","Borderline: causal explanation but very brief; labeled analysis because it names finishing as the cause."
"I disagree.","reaction","Borderline: expresses stance but makes no evaluative claim about quality, ability, or cause."
"last WC wasnt a chore. just had no finishing","analysis",""
"It wasn't a chore to watch the USA play.","hot_take","Reclassified from reaction: positive evaluation of watchability is an evaluative claim, so hot_take per the claim-vs-emotion rule (consistent with 'What a great World Cup so far')."
"Pulisic is having a blinder and that might put some people doubt on his form to rest for a while.","hot_take",""
"This really is almost the perfect setup for him.","hot_take",""
"Poch may be a perfect tournament manager, tbh. He could specialize in this with the right teams.","hot_take",""
"Water breaks help a lot with this style.","analysis",""
"I mean it was great but Paraguay did not really show up at all.","hot_take",""
"I can get used to this","reaction",""
"Not even hyperbole. Best USMNT game I've ever seen from them.","hot_take",""
"That was the greatest match I’ve ever seen us play.","hot_take",""
"Paraguay really failed South America here. That said, Poch seemed to have found the formula for the Americans, damn the US was good.","hot_take",""
"As close to juego bonito as I’ve ever seen from them.","hot_take",""
"Really well played from USA.","hot_take",""
"Deserved","reaction",""
"Absolutely deserved","reaction",""
"Love to see that","reaction",""
"As an Australian I'm stunned turkey wasn't ready for us? This is not the first time we have played like this, it's been our plan for the last 2 years. Popaball has been the staple for Australia for 2 years.","analysis",""
"Australia had only 28% possession yet managed to restrict Turkey to an xG of 1.33.","analysis",""
"No more words for Australia's defence today, just simply a masterclass. Turkiye has been approaching this match completely wrong from the start.","hot_take",""
"By the second half Australia's backline have figured to just block the entire flank and put 3 player in each side to remove the passing lane for Turkiye, this doesn't mean Turkiye's chance for goal is completely nullified though, I've said in the live match thread that both Turkiye's winger should walk back and drift to the centre a few meters to maybe try an outside of the box shoot, and both Turkiye's full back should be more ahead of the winger in both flank to try making a cut back pass, you can see with that Celik's chance, there's a chance for a cutback if he actually try milliseconds earlier, but well, football is a game of tight margin, you waste a millisecond you waste your chance.","analysis",""
"Congratulations to Australia on a perfectly executed game plan they fully deserved to win this game.","analysis","Borderline: includes praise, but 'perfectly executed game plan' gives a causal basis for the result."
"Outclassed throughout the entire game both physically and tactically for our first WC game in 24 years.","hot_take",""
"Fine, then I’ll seriously repeat what I said in the “unserious” thread: I think this is an extremely underrated group.","hot_take",""
"What a great World Cup so far.","hot_take","Borderline: positive evaluation rather than pure emotion, so hot_take under the claim-vs-emotion rule."
"The opponent playing 5 at the back, their only game plan is to constrict space and neutralize our most talented players. Our tactical genius coach Montella's plan is to play 60 minutes without a right winger, 85 minutes without a striker.","analysis",""
"If you let him, he would retreat until the goal line.","analysis",""
"Missed the match.","reaction",""
"These games have felt more bombastic than usual and I feel like it's because the breaks are keeping everyone energized for longer and encouraging momentum. Also, I like being being able to check my phone and catch up on stuff sooner lol. The ads are stupid but I feel like this is what's happening.","analysis",""
"Haven’t seen Paraguay play but are they actually this bad? Seems like they have zero idea how to play against a press, slow to every ball, and general traffic-cone level defending.

Even basic things like defenders moving into space after passing back to the keeper, instead of staying in the shadow of the pressing opponent seems like a foreign concept.
A lot of credit has to go to USA for a great performance, but seems baffling how bad Paraguay played.","analysis",""
"Most balanced beatdown I've seen in a while.
Sweden were simply outclassed on the defensive end; the Dutch were able to bypass the midfield on a quick pivot and leverage the skill gap between their own attackers and the Swedish fullbacks. The keeper's reaction time didn't help either.

Netherland's defensive structure seems less stable than previous years, so it will be interesting to see how they hold up as the tournament progresses.","analysis",""
"A lot of naivety in Sweden's approach to this match. That back line of 3 with only 1 player in front of then, during defensive transitions, does not work against well balanced teams.

The Netherlands looked like they were playing a videogame, due to how easy it was to attack. They had time, space, and numeric advantage during transitions.","analysis",""
"Same pattern as the Brazil game...Strong start, lose momentum, only to not regain it for the whole second half. The only difference is Scotland didn't have enough individual brilliance to make use of the excessive momentum gained.

Morocco may qualify but I fear for them against a good opponent in the latter stages.","analysis",""
"All the crap decisions against Scotland are in the box and everything against Morocco is barely consequential. I don't buy this ""he's shite on both sides"" talk","analysis",""
"Idk about clear but he certainly gets tripped without the defender contacting the ball","analysis","Borderline: short opinion on a penalty call, but it gives a specific, checkable mechanism for the conclusion."
"Si era penal. He stood on his foot.","analysis","Borderline: very brief, but the second sentence supplies direct evidence for the penalty claim."
"I'll remain cautious optimistic but damn it felt good to finally watch USA men dominate a game","hot_take",""
"Genuinely atrocious refereeing","hot_take",""
"Frenkie Balon Dor charge has started","hot_take",""
"Sweden's formation with only 3 defenders aint it","hot_take",""
"Rock flag and eagle","reaction",""
"WE BRING THE NOISE WE BRING THE RUCKUS

USA AIN’T NOTHIN’ TO FUCK WITH","reaction",""
"IT'S COMING HOME","reaction",""
"lmao","reaction",""
"Unsuccessful hate watch","reaction",""
"Florida Man vs Australia Man","reaction",""
"SKABIDATABADABIBABABTADA","reaction",""
"I have never in my life seen the US play like that. Holy Shit","reaction","Borderline: the first sentence implies surprise at an unusual performance, but it does not explicitly judge quality, ability, or cause."
"Hey guys how did the hate watch go? Fuckin have that","reaction",""
"You just knew there was an equalizer coming with all those missed chances for the Swiss.

Fully deserved for Qatar, and their fans who seemed to enjoy the occasion even when they were losing.","analysis","Borderline: “fully deserved” is evaluative, but the missed-chance explanation supplies proportional evidence."
"Also Switzerland defense is often caught sleeping and quite helped by Qatar player's poor decision making. The signs of them getting conceded are all there.","analysis",""
"Old football wisdom at play here. If you don't score your chances, you'll eventually concede","analysis",""
"We cannot be dominating a team of Qatar's stature like this and then produce 1 goal from 25 attempts....
almost glad Qatar scored that goal, will force us to reconsider many things for the other two games. Still backing us to go through of course but holy hell, that canNOT happen again.","analysis",""
"The ref was horrendous, the second goal should have been a foul down the other end but our marking from crosses was horrendous and so was our passing in the second half. Egypt outplayed us in the second half.

Our momentum was disrupted the first 60 minutes by fouls not called.

Disappointing but can't say we deserved anything","analysis",""
"Poor refereeing.. Egypt looked so disorganized in attack first half, Salah is not a classic no 10, NZ just ran out of steam in the second half.","analysis",""
"I feel like this means Egypt is through.

Next game is against Iran, it they tie they have 5pts. And Iran will have 3pts. If they lose they have 4pts.

If Belgium wins, they'll have 5pts. But if New Zealand wins, then NZ will have 4pts and Belgium will be stuck with 2pts.

So I think they're through now. They have enough points to be top three.","analysis",""
"Had Egypt failed to win today, they would have tied Honduras for most World Cup matches without a win.

Instead New Zealand has taken their spot on the list and will match Honduras if they can't beat Belgium","analysis",""
"Egypt deserved the game overall and NZ switched off.

That doesn't mean the ref was not atrocious. If anyone sees a compilation of the fouls and yellows given in favour of Egypt and the ones not given to NZ from the first cooling break up till the second Egypt goal, the difference is laughable and consistent.

Not saying he was biased for sure but the game was mostly reffed one-sided.","analysis",""
"Aren’t the US guaranteed to win the group? If US lose and Australia wins they both have 6 points, but US won the head to head which is the first tiebreaker.","analysis",""
"Not every minute of every game has to be perfect. Australia was never a threat so the US did what they needed to do.","analysis",""
"Great win, felt like the Aussies came here to defend and get a penalty or a free kick winner. But disappointing but I’m glad the US held up to it.","analysis",""
"Credit to Pochetino. Team looks pretty good shape wise. Seem to be comfortable in the climate. And the home advantage shows them giving 110%. Wouldn't be completely surprised if they make it to the quarters.","analysis",""
"I’m an American. Why do the American pundits keep saying things like “this team is doing something really really special”? I mean yeah the performance against Paraguay was very good. First half this match was good minus the beautiful goals. Second half was a little dodgy. Do these pundits know we’ve made it out of the group stage before?","analysis",""
"We have not won our first two WC games since 1930. This is special.","analysis",""
"Volpato added so much when he came on. Some actual skill, he and Nestory need to start.

USA, did the business in the first half. For all the ball the Aussies had in the 2nd half, didn't create enough or put the keeper under pressure.

Felix the fixer going down with cramps. Wonder what odds.","analysis",""
"I thought US were good first half. Second half they dropped off quite a bit definitely seemed a tad tired towards the end of the game.
They didn't seem capable to control the game with slower possession which would probably of helped them but the Aussies didn't create alot so didn't really matter.

Alot of Americans have told me about the shithousery of some concacaf sides but the amount of people calling the Aussies thugs , dirty etc seemed off to me. I don't think they where that bad is just call them quite physical.
The most thuggish thing that happened was Balgon charging Souttar when the ball was nowhere near them. Guess he lost his head for a moment.

Think the US will do well though and get to the quarter finals.

Aussies I think will get knocked out in round of 32","analysis",""
"This game shows why the expanded World Cup is so embarassing. Can you imagine a serious team losing 7-1 to Germany before all these new teams were let in?","hot_take",""
"Imagine winning 7-1 yet Sane was still one of the worst players on the pitch, impressive","hot_take",""
"Curacao > that 2014 Brazil.","hot_take",""
"That 2014 Brazil > This 2026 Brazil","hot_take",""
"You have to have a really bad team to lose 7-1.","hot_take",""
"One could argue that Curaçao, in their debut game at the WC, already showed they’re as good as Brazil.","hot_take",""
"Honestly thought we would be at least 8-1 if it wasn't for Sane.","hot_take",""
"This game reminded me of Spain's 7-0 win against Costa Rica in 2022, in the sense that the scoreline makes Germany look a lot better than they actually are.","hot_take",""
"Undav in Sane out","hot_take",""
"Bit arrogant from Swiss, They were playing like they were 3 goals ahead","hot_take",""
"Switzerland deserved that, they probably thought they could just take it easy and get a win","hot_take",""
"Well that was fucking dreadful","hot_take",""
"The Swiss should be ashamed for letting a team as obviously poor as Qatar steal a point. Qatar spent half that match looking lost on the pitch and concede almost 30 shots.","hot_take","Borderline: it cites match evidence, but the sweeping “should be ashamed” verdict is disproportionate, so the statistics function as decoration."
"Luckily, the rest of the group is evidently also shit.","hot_take",""
"Good win! Easily the best US World Cup team I’ve ever seen. Let’s see how far we go in the knockouts.","hot_take",""
"South Korea and Australia were so uninspiring but Qatar was qatastrophic.","hot_take",""
"Oh no","reaction",""
"Oh yes!","reaction",""
"Deja vu?","reaction",""
"Every day another 7:1","reaction",""
"THEY DID THE FUNNY SCORELINE!","reaction",""
"I have now been on Reddit long enough to comment on two World Cup match threads, where Germany won 7-1.","reaction",""
"Taking the title as the team with the most World Cup goals over Brazil with a 7-1 score is hilarious.","reaction","Borderline: it includes a comparison and a statistic, but uses them as a humorous emotional observation rather than a claim about team quality."
"So many memories","reaction",""
"PTSDDDDD","reaction",""
"Happy 7:1 to everyone who celebrates!","reaction",""
"I expected major memes in this World Cup.

I am not disappointed","reaction",""
"WHAT THE FUCK IS A KILOMETER","reaction",""
"WE ARE STAYING UP

SAY WE ARE STAYING UP","reaction",""
"Those last 20 minutes were chaos incarnate.","reaction",""
"Super happy for Mo, super happy for Egypt getting their first ever WC win, long overdue.

Also super happy for everyone who stayed up between 4 and 6am in Egypt to watch this","reaction",""
"Only took them 92 years but they finally did it!","reaction",""
"I hear bald eagles and freedom","reaction",""
"Adingra had to shoot that first time. No reason to try a touch when you had a shot on a silver platter.","analysis",""
"German really gifted a bunch of counters with horrific short passing and Ivory Coast just didn't finish them.","analysis",""
"I still can’t believe Adingra didn’t shoot first time with the chance he had.
Like it was perfectly set up to strike, no bobbling, not a lot of pace, but he chickened out of it and Germany end up winning the match :/","analysis",""
"Just not that. Ivory coast missed at least 4 clear goal chance in the 2nd half","analysis",""
"Why would he go for a second touch instead of just shooting against a wide open goal lol, he's going to be kicking himself for that bad decision.
Ivory Coast shouldn't have lost this game, but I'm glad that Germany managed to punish that bad play.","analysis",""
"idk if Germany deserved the win but Ivory Coast sure deserved to lose with those misses","analysis",""
"Seen this movie so many times before. Endless wasted chances leading to a late countergoal and loss.
FINISH. YOUR. PLATE.","analysis",""
"CIV went for the draw which was a mistake that was some bad defending that led to the winner","analysis",""
"Thought Scotland were quite poor, too many touches in midfield. Not brave enough to commit higher up the pitch and too many times Gannon Doak gets isolated.
Not sure why they’re so unwilling to put the ball in the box","analysis",""
"Agreed. Mcginn had fouled Moroccan player before his penalty shout for example","analysis",""
"Were Scotland aware that they could take a shot at goal? They were getting into decent positions and just… not doing anything.","analysis","Borderline: phrased rhetorically, but it identifies a specific repeated failure—reaching useful positions without shooting."
"Huge result for the third-place teams in other groups. Unless one of these teams is somehow able to beat SK or Mexico, group A is only sending two teams to the knockouts.","analysis",""
"My thoughts exactly. That penalty essentially eliminated both teams together.","analysis",""
"They just had a really good set piece idea with you then, you dominated them otherwise","analysis",""
"Two contrasting genres of shocking footballers on display here.
In the South African corner, you had your players who you felt were never truly in control of the ball, every touch a yard too loose, compounded by making absolutely every decision wrong.
The Czechs went for more of a completely turgid vibe, where any pass marginally more creative than a ball lumped down the channel was utterly inconceivable.
Pick your favourite.","analysis",""
"One team dominates the first half…the other team dominates the second half…
What do we get when combined? Uh…that!","analysis","Borderline: humorous delivery, but it uses the split-half pattern to explain the final match."
"If Ivory Coast gets grouped that moment will haunt him forever","hot_take",""
"Watch Nagelsmann bench Undav again next match","hot_take",""
"Undav with 2 goals against Ivory Coast.
Nagelsmann: that’s not enough to start for me","hot_take",""
"Adingra cost them the game....just shoot the ball ffs","hot_take",""
"I don't care who needs to get benched atp but Nageslmann PLEASE give Undav a starting spot","hot_take",""
"Terrible lost for Côte d’Ivoire, 100% should’ve came outta that with points.
Number 10 Simone threw that away, in what universe was that a 2 touch finish???
They need to get it done against Curaçao.","hot_take",""
"Congrats to Undav for ensuring he’ll never start again
(What a player. Can’t believe Nagelsmann is this stubborn lol)","hot_take",""
"L for Nagelsmann.","hot_take",""
"Havertz is just a champions league final and Curacao merchant.","hot_take",""
"Yeah Germany is not winning the World Cup","hot_take",""
"Nagelsmann you absolute fraud
START UNDAV","hot_take",""
"No reason for Nagelsmann to not start Undav. Zero excuses. Havertz did fuck all for Germany, as did Sane.","hot_take","Borderline: it cites poor performances, but the absolute lineup verdict is stronger than the evidence supplied."
"Nmecha MOTM","hot_take",""
"Deserved tie, such a shambolic performance by Czechia after their early opening goal","hot_take",""
"Both these teams play like they just found out what football was at five o’clock this morning","hot_take",""
"Czechia are genuinely shocking. This has very little to do with football. There are defensive teams that are actually enjoyable to watch. Czechia are not one of them.","hot_take",""
"The whole group is ass","hot_take",""
"12 YEARS FINALLY WE SURVIVED A GROUP STAGE AGAIN","reaction",""
"SO FUCKING GOOD","reaction",""
"This is what it feels like to loss at the last moment","reaction",""
"As the opposition, you dream of it","reaction",""
"Never doubted Germany, ignore the comment history","reaction",""
"Hello, I'm Deniz Undav and I have come to shatter your hopes and ambitions.","reaction",""
"Ivory Coast - too much coast, not enough ivory","reaction",""
"DEUTSCHLAND IST ENDLICH WIEDER IN DER KO PHASE.","reaction",""
"Have a döner kebab for Undav today","reaction",""
"I enjoyed how many times you saw the ivory coast manager tell someone to fuck off on camera","reaction",""
"Thanks, I needed that.","reaction",""
"Can’t believe I watched the whole fking game","reaction",""
"I live in the Philippines, 2am right now. Can't believe it either","reaction",""
"switzerland bosnia save me","reaction",""
"Yikes...","reaction",""
"Hwang In-Beom saved football that day","reaction","Borderline: “saved football” is celebratory hyperbole rather than a serious claim about quality or cause."
"Bro very well put","reaction",""
"Cabo Verde had a great defensive performance but starting Ferran and Gavi out wide instead of Williams and Yamal neutered Spain's threat massively. They did create chances, they just couldn't finish.","analysis",""
"I mean, it’s not for no reason weaker teams park the bus, it’s very effective. Though, Cape Verde deserve all the plaudits for doing it very well and relatively cleanly and without the shithousing. Saudi Arabia did not park the bus, and this is the result.","analysis",""
"The first hydration break was the most effective Saudi defender, completely killed the momentum","analysis","Borderline: humorous wording, but it identifies a specific event and its causal effect on Spain’s momentum."
"Spain just look massively different with a winger that's actually trying to beat his man. Also think swapping in Porro for Llorente was a great move, Porro linked up well with Yamal today and really enhanced their threat down the right flank. Real test will be against Uruguay though, Saudi Arabia were woeful.
Also, Ferran Torres defies logic. Comes on, does his routine of missing, somehow manages to score... then has it taken away by VAR. If someone told me Ferran Torres García of Foios, Spain was a scientific experiment to see how a footballer can ragebait watchers I wouldn't even bat an eye at this point.","analysis","Borderline: the Ferran section is hyperbolic, but the main claim is supported by named tactical changes and their effects."
"This exactly. Going out with Gavi and Ferrán as wingers against an 11-man low block was criminal. The verticality of Olmo was sorely missed too. That draw was 100% on De La Fuente (and an amazing defensive/GK effort by Cape Verde).","analysis","Borderline: includes a strong verdict, but it names the lineup choice, missing verticality, and opposing defensive performance as evidence."
"Obviously, Yamal's starting was a big difference maker, but I think Porro just offers Spain so much dynamism in chance creation down the right side from the fullback position.
I really like the variation between deep crosses, field switches, underlap runs and overlaps he brings to the side when he plays with Yamal.","analysis",""
"Japan have historically struggled in game 2 so this is a huge win for us.
One of the reasons Moriyasu picked Nagatomo was for his overall experience sure but mainly his experience in the World Cup. Nagatomo just had a speech in front of the team about the difficulty of playing well in game 2.

While I am sad about missing the injured players like Mitoma, Minamino, Endo, and now Kubo (hopefully he can come back), Moriyasu has finally built a team that he and his team envisioned years ago.
God knows what’ll happen in this tourney but I believe in this team and I believe this team has the ability and team chemistry to win it all.

We don’t back down to anyone.","analysis",""
"Its crazy how Kubo looks like a massive miss at first glance yet you look at the XI today and its still full of absolute quality players with multiple more decent options on the bench

They just have a genuinely really good squad","analysis",""
"I haven’t watched football as technically sound as Japan’s today so far this World Cup. This is the type of teamplay every team should strive for, very little wasted movements and it seems to be very energy conscious too due to how the Japanese players were playing in that Monterrey heat. (As in, they didn’t look that fatigued compared to a team like South Korea for example).","analysis",""
"Players never complain when they don’t get a pass from their teammate. Selfless running all game. So fun to watch","analysis",""
"I feel like what makes Japan tough to be beat is because they’re so good technically that they hardly beat themselves. Unlike many teams, if you wanna win against them you need to actually go out and beat them rather than relying on their lapses or mistakes.","analysis",""
"Japan's draw is going to be brutal. They'll have to play either Morocco or Brazil and if they somehow lose to Sweden and finish 3rd, they get France.
Brazil/Morocco/France, only options. Meanwhile the USA gets to play Bosnia. Mexico gets Scotland, and Canada will most likely play Iran or Algeria... lol. Not all brackets are created equal.","analysis",""
"As much as people like southgate i cant remember many recent england games where tactical changes shut downa potentially tricky opposition the way i saw this second half.

Obviously ill defer to the fans who are watching every week but i do think if England get close to or win the world cup this year that appointment will be a major aspect.","analysis",""
"Great result for England.  Decisive attacking play and Kane not just scoring but blocking a goal?  That’s the football ya love to see.  Defense needs a little tightening though.
Croatia was a decent showing.  They knicked two goals despite utterly atrocious passing in possession.  You cannot win a game constantly passing backwards in your own half.  Hopefully they can fix that.","analysis",""
"We didnt really build up on the left (gordon’s) side. Wonder why. Madueke has his issues but we need runners to stretch the play. Saka looks half fit. Great performance","analysis",""
"that's an euro 2004 scoreline! great second half by England, didn't stop pressing till the end.

Tuchel's adjustments were just right! i thought the djed spence sub worked very well and he played his part in the fourth goal.","analysis",""
"Not many complaints from an attacking perspective, Livakovic kept it from being a cricket score and, crucially, it wasn't JUST Kane scoring. Defensively still looking suspect - all my concerns about Stones seem to be justified, and he shouldn't start again, Guehi is a much better player at this point. Bellingham with an excellent shift, only just being edged by Kane. Rashford and Saka both looked dangerous when they came on as well.","analysis",""
"Cabo Verde is gonna win it all","hot_take",""
"This was one boring blowout.","hot_take",""
"American commentators are brain dead. Truly the worst commentary I’ve heard in any language. Mid game, they are fan girling over the USA squad and how they have the potential to win the WC. I can understand if US was in the same group as ESP & KSA. Poor quality television coverage from american channels for a WC imo.","hot_take",""
"Pretty embarrassing showing from Saudi Arabia, less xG than Cabo Verde in one of the worst performances of the tournament so far. Good thing this bastion of footballing heritage will be hosting a World Cup in the next decade in cities and stadiums that totally exist","hot_take","Borderline: cites xG, but uses it to support a sweeping and sarcastic verdict beyond what that statistic alone establishes."
"I would dare to say it’s one of the worst performances ever in a World Cup. There was no heart, no urgency. Just gave up. At least try! It’s as if they just didn’t care and that’s just the most pathetic way to represent a country at this stage. Embarrassing is too lenient.","hot_take",""
"If we want to score goals consistently we HAVE to keep Ferran on the bench, my god.","hot_take",""
"Oyarzabal is exceptional for Spain, always delivers","hot_take",""
"japan is one of my favorite teams to watch not just because of the quality (which they have of course) but because of how much of a team it is, no world class players but an elite unit with great players and a great team, they can compete with any team in the world, i hope you guys have a deep run this year!","hot_take",""
"This Tunisia team has to be one of the worst ever at the World Cup","hot_take",""
"japan will destroy sweden","hot_take",""
"Tunisia on fraud watch.","hot_take",""
"Gravenberch MOTM","hot_take",""
"POTTER BACK ON FRAUD WATCH LETS GOOOO","hot_take",""
"Gakpo turns into an animal whenever he sees a hint of oranje","hot_take",""
"England look pretty good.","hot_take",""
"Tuchel with the amazing HT adjustements what a coach","hot_take",""
"Kane was amazing","hot_take",""
"This game could’ve been an email","reaction",""
"Could've been a post-it note","reaction",""
"You never sing that, it’s coming to Cape Verde feels like","reaction",""
"Only for the chanting to end LOL, I love the Telemundo lads","reaction",""
"Man they really chanted the same thing for 90 minutes that's crazy","reaction",""
"World Cup 2026 Group F

‎ L Tunisia vs Japan

‎ ‎ ‎ ‎ ‎ L Tunisia Keys to Success

‎ ‎ ‎ ‎ ‎ ‎ ‎ ‎ ‎ L ⚠️ This folder is empty!","reaction",""
"Kane protec but Kane also attac","reaction",""
"What a win from England and what a match this was","reaction",""
"Have it","reaction",""
"Very happy with that performance 8)","reaction",""
"Its coming home","reaction",""
"first unsuccessful hatewatch","reaction",""
"INGERLAND STATUS: CAME ON","reaction",""
"I can't remember the last time I enjoyed watching an England game as much as this one","reaction",""
"Who else is having fucking Vindaloo????","reaction",""
"Coming home status: it's","reaction",""
